id,program_name,id_program,min_cost,min_point_for_budget,min_point_for_paid,sphere,who_will_be_in_the_future,budget_places
1,Подъемно-транспортные средства технологического оснащения судостроительного производства,26.05.01,425000.0,169.0,119.0,"Проектирование и постройка кораблей, судов и объектов океанотехники",Специалист по судостроению и остальные,24.0
2,Конструирование машин и аддитивные технологии в АПК,35.03.06,158712.0,192.0,113.0,Агроинженерия,"Инженер-конструктор, Агроинженер, Инженер-механик по сельскому хозяйству и остальные",15.0
3,Применение БПЛА в сельском хозяйстве,35.03.04,158712.0,151.0,126.0,Агрономия,"Агроном, Агроинформатик (агрокибернетик), Оператор беспилотных летательных аппаратов (БПЛА) и остальные",25.0
4,Обеспечение системных принципов фармацевтической деятельности в сфере обращения лекарствен..,33.05.01,176400.0,,125.0,Фармация,"Биофармаколог, Фармацевт и остальные",
5,Обработка данных и методы искусственного интеллекта,09.03.03,191000.0,230.0,119.0,Прикладная информатика,"Администратор баз данных, Аналитик данных, Intelligent Systems Developer (разработчик интеллектуальных систем) и остальные",25.0
6,Инженерная инноватика,27.03.05,223082.0,203.0,147.0,Инноватика,"Инженер-патентовед, Ментор стартапов, Инженер по рационализаторству и изобретательству и остальные",23.0
7,Агробиотехнологии производства продукции распределения,35.03.04,223090.0,166.0,118.0,Агрономия,Агроном и остальные,23.0
8,Агроэкологические технологии цифрового поля,35.03.03,223090.0,166.0,118.0,Агрохимия и агропочвоведение,"Агрохимик, Агроэколог, Почвовед и остальные",23.0
9,Инновационные агротехнологии,35.03.04,33000.0,120.0,120.0,Агрономия,,23.0
10,Физическая реабилитация,49.03.01,80000.0,,110.0,Физическая культура,"Спортивный тренер, Учитель физкультуры, Инструктор по физической культуре и остальные",
11,Технологии продуктов функционального и специализированного питания,19.03.04,164300.0,150.0,119.0,Технология продукции и организация общественного питания,"Ресторатор, Технолог общественного питания, Инженер пищевой промышленности и остальные",8.0
12,Управление качеством на высокотехнологичных производствах,27.03.02,,180.0,,Управление качеством,"Инженер по управлению качеством, Инженер-технолог по качеству, Менеджер по качеству и остальные",20.0
13,Проектирование и эксплуатация беспилотных летательных аппаратов,11.03.04,,189.0,,Электроника и наноэлектроника,"Инженер по наноэлектронике, Инженер электронной техники, Оператор беспилотных летательных аппаратов (БПЛА) и остальные",12.0
14,Комплексное обеспечение пожарной безопасности,20.03.01,80000.0,128.0,119.0,Техносферная безопасность,"Спасатель, Инженер по охране труда, Инженер по защите в чрезвычайных ситуациях и остальные",20.0
15,Дошкольное образование и Дополнительное образование (раннее физическое развитие),44.03.01,337000.0,,207.0,Педагогическое образование,"Воспитатель детского сада, Педагог, Учитель и остальные",25.0
16,Дошкольное образование и Дополнительное образование (музыка/изобразительное искусство),44.03.01,337000.0,,207.0,Педагогическое образование,,25.0
17,"Русский язык, Литература и История",44.03.01,337000.0,206.0,131.0,Педагогическое образование,"Историк, Педагог, Учитель и остальные",23.0
18,Русский язык как иностранный и Иностранный язык (английский),44.03.01,151000.0,201.0,124.0,Педагогическое образование,"Педагог, Учитель, Преподаватель лингвистики и остальные",43.0
19,Физика и Химия,44.03.01,337000.0,186.0,144.0,Педагогическое образование,"Педагог, Учитель, Преподаватель и остальные",23.0
20,Информатика и Труд (Технология),44.03.01,337000.0,186.0,144.0,Педагогическое образование,"Педагог, Учитель, Учитель информатики и вычислительной техники и остальные",23.0
21,Физика и Информатика,44.03.01,337000.0,186.0,144.0,Педагогическое образование,"Педагог, Учитель, Учитель информатики и вычислительной техники и остальные",23.0
22,Право и Иностранный язык (английский),44.03.01,193000.0,157.0,135.0,Педагогическое образование,"Педагог, Учитель, Преподаватель лингвистики и остальные",25.0
23,Обществознание и Экономико-правовое образование,44.03.01,337000.0,138.0,114.0,Педагогическое образование,"Педагог, Учитель, Преподаватель экономики и остальные",23.0
24,История и Воспитательная работа,44.03.01,337000.0,138.0,114.0,Педагогическое образование,"Историк, Педагог, Учитель и остальные",22.0
25,Математика и Компьютерные науки,44.03.01,337000.0,181.0,134.0,Педагогическое образование,"Педагог, Учитель, Учитель математики и информатики и остальные",29.0
26,Математика и Экономика,44.03.01,337000.0,181.0,134.0,Педагогическое образование,"Педагог, Учитель, Преподаватель экономики и остальные",28.0
27,История и Иностранный язык (английский),44.03.01,337000.0,138.0,114.0,Педагогическое образование,"Историк, Педагог, Учитель и остальные",32.0
28,История и Обществознание. Организация воспитательной деятельности,44.03.01,337000.0,192.0,135.0,Педагогическое образование,"Историк, Педагог, Учитель и остальные",32.0
29,Иностранный язык (китайский) и Русский язык как иностранный,44.03.01,337000.0,139.0,132.0,Педагогическое образование,"Педагог, Учитель, Преподаватель лингвистики и остальные",23.0
30,Иностранный язык (английский) и Иностранный язык (испанский/французский),44.03.01,337000.0,139.0,132.0,Педагогическое образование,"Педагог, Учитель, Преподаватель лингвистики и остальные",23.0
31,Иностранный язык (китайский) и Иностранный язык (английский),44.03.01,337000.0,139.0,132.0,Педагогическое образование,"Педагог, Учитель, Преподаватель лингвистики и остальные",22.0
32,Иностранный язык (английский) и Иностранный язык (итальянский/немецкий),44.03.01,337000.0,139.0,132.0,Педагогическое образование,"Педагог, Учитель, Преподаватель лингвистики и остальные",22.0
33,Изобразительное искусство и Дополнительное образование,44.03.01,337000.0,,207.0,Педагогическое образование,"Педагог, Учитель, Учитель ИЗО и остальные",30.0
34,Дополнительное образование (в области эстрадно-джазового искусства),44.03.01,,,,Педагогическое образование,"Педагог, Учитель, Личный тьютор по эстетическому развитию и остальные",25.0
35,Музыка и Дополнительное образование (в области музыкального искусства),44.03.01,337000.0,177.0,177.0,Педагогическое образование,"Педагог, Учитель, Личный тьютор по эстетическому развитию и остальные",25.0
36,Мировая художественная культура и Дополнительное образование (журналистика),44.03.01,337000.0,246.0,139.0,Педагогическое образование,"Педагог, Учитель, Журналист и остальные",25.0
37,Начальное образование и Информатика,44.03.01,337000.0,175.0,132.0,Педагогическое образование,"Педагог, Учитель, Учитель информатики и вычислительной техники и остальные",23.0
38,Начальное образование и История,44.03.01,337000.0,175.0,132.0,Педагогическое образование,"Историк, Педагог, Учитель и остальные",23.0
39,Начальное образование и Иностранный язык (английский),44.03.01,337000.0,175.0,132.0,Педагогическое образование,"Педагог, Учитель, Преподаватель лингвистики и остальные",23.0
40,Биология и Иностранный язык (английский),44.03.01,337000.0,208.0,134.0,Педагогическое образование,"Педагог, Учитель, Учитель биологии и остальные",17.0
41,Биология и Безопасность жизнедеятельности,44.03.01,337000.0,208.0,134.0,Педагогическое образование,"Педагог, Учитель, Учитель биологии и остальные",17.0
42,География и Иностранный язык (английский/китайский),44.03.01,337000.0,189.0,129.0,Педагогическое образование,"Педагог, Географ, Учитель и остальные",20.0
43,Информационно-измерительные технологии в нефтегазовой отрасли,,,,,|,"Аналитик информационной безопасности, Инженер приборостроения, IT-специалист и остальные",
44,Дизайн и технология художественной обработки нетрадиционных материалов,29.03.04,173500.0,181.0,110.0,Технология художественной обработки материалов,"Модельер-конструктор меховых изделий, Дизайнер, Материаловед и остальные",15.0
45,Автоматика и программирование интеллектуальных систем управления,27.03.04,173500.0,148.0,119.0,Управление в технических системах,"Программист, Intelligent Systems Developer (разработчик интеллектуальных систем), IT-специалист и остальные",20.0
46,Управление техническим состоянием автотранспортных средств и специальной техники,23.03.03,173500.0,180.0,119.0,Эксплуатация транспортно-технологических машин и комплексов,Автомеханик и остальные,12.0
47,Цифровая транспортная логистика,23.03.01,173500.0,205.0,119.0,Технология транспортных процессов,"Инженер по организации перевозок и управлению на транспорте, Логист, Менеджер по работе с таможней и остальные",13.0
48,Производство цветных металлов,22.03.02,182700.0,170.0,119.0,Металлургия,"Инженер-металлург, Электролизник расплавленных солей, Специалист по металлургии цветных металлов и остальные",15.0
49,Управление промышленными роботами и манипуляторами,15.03.06,191000.0,199.0,119.0,Мехатроника и робототехника,"Инженер-мехатроник, Специалист по интегрированным интеллектуальным робототехническим комплексам и остальные",20.0
50,Перспективные двигатели,13.03.03,173500.0,177.0,119.0,Энергетическое машиностроение,"Инженер по энергетическому машиностроению, Инженер-конструктор двигателей внутреннего сгорания, Инженер-машиностроитель и остальные",15.0
51,Информационные системы и технологии в ИТ-проектах,09.03.02,191000.0,214.0,119.0,Информационные системы и технологии,"Программист, IT-специалист, Менеджер проекта и остальные",25.0
52,Экономика данных и искусственный интеллект,38.03.01,154900.0,,138.0,Экономика,"Аналитик данных, IT-специалист, ICO аналитик и остальные",
53,Промышленный инжиниринг и автоматизация,15.03.04,75000.0,182.0,137.0,Автоматизация технологических процессов и производств,"Инженер-технолог, Инженер АСУ ТП, Инженер КИПиА и остальные",40.0
54,Системы инерциальной навигации и управления подвижных объектов,12.03.03,183000.0,183.0,119.0,Фотоника и оптоинформатика,"Инженер-конструктор, Инженер-испытатель и остальные",13.0
55,Технология и оборудование сварочного производства,15.03.05,183000.0,181.0,147.0,Конструкторско-технологическое обеспечение машиностроительных производств,"Инженер-технолог, Инженер по сварке, Инженер-механик и остальные",17.0
56,"Международно-правовой профиль (сетевая программа, реализуемая совместно с Ташкентским госу..",40.03.01,270000.0,,115.0,Юриспруденция,"Правозащитник, Юрист, Юрист-международник и остальные",
57,Стоматология (российско-египетская образовательная программа на английском языке),31.05.03,500000.0,,118.0,Стоматология,"Врач-стоматолог, Стоматолог-гигиенист, Стоматологический гигиенист и остальные",
58,Стоматология (российско-китайская совместная образовательная программа на английском языке),31.05.03,500000.0,,118.0,Стоматология,"Врач-стоматолог, Стоматолог-гигиенист, Стоматологический гигиенист и остальные",
59,Лечебное дело (российско-египетская образовательная программа на английском языке),31.05.01,500000.0,,118.0,Лечебное дело,"Физиотерапевт, Врач космической медицины, Врач персонифицированной медицины и остальные",
60,Лечебное дело (российско-китайская совместная образовательная программа на английском языке),31.05.01,500000.0,,118.0,Лечебное дело,"Физиотерапевт, Врач космической медицины, Врач персонифицированной медицины и остальные",
61,Общая биология (сетевая программа реализуемая совместно с Университетом МГУ-ППИ в Шэнчжэне..,06.03.01,370000.0,,118.0,Биология,"Лаборант, Биолог, Биолог-исследователь и остальные",
62,Химическая технология производств веществ и материалов,18.03.01,180000.0,,166.0,Химическая технология,"Лаборант, Химик-разработчик, технолог по продукту, Химик-технолог и остальные",
63,Проектирование и эксплуатация технических систем,27.03.04,35000.0,,147.0,Управление в технических системах,"Инженер-технолог, Инженер-проектировщик и остальные",
64,Информатика и Математика,44.03.01,147000.0,181.0,134.0,Педагогическое образование,"Педагог, Учитель, Учитель информатики и вычислительной техники и остальные",43.0
65,Business process Management (study in English),38.03.02,147200.0,,153.0,Менеджмент,"Менеджер непрерывности бизнеса, Менеджер, Менеджер проекта и остальные",
66,Кинопроизводство,42.03.05,690000.0,361.0,234.0,Медиакоммуникации,"Режиссёр театра и кино, Креативный директор, Драматург (сценарист) и остальные",1.0
67,Управление качеством в инновационной экономике,27.03.02,141430.0,166.0,119.0,Управление качеством,"Инженер по управлению качеством, Инновационный менеджер, Менеджер по развитию и остальные",15.0
68,Аддитивные технологии в авиастроении,24.03.04,42000.0,212.0,124.0,Авиастроение,"Авиаконструктор, Инженер-технолог, Специалист по САПР и остальные",19.0
69,"Технология, оборудование и автоматизация машиностроительных производств",15.03.01,38000.0,,125.0,Машиностроение,"Инженер, Инженер-технолог, Специалист по САПР и остальные",
70,Теплогазоснабжение населенных мест и предприятий,08.03.01,38000.0,,119.0,Строительство,"Инженер по проектно-сметной документации, Инженер по техническому надзору, Инженер теплоснабжения и вентиляции и остальные",
71,"Прикладная лингвистика, лингводидактика и цифровые коммуникации",45.03.02,124150.0,,157.0,Лингвистика,"Контент-менеджер, Гид-переводчик, Литературный переводчик и остальные",
72,Управление медиакоммуникациям,42.03.05,38000.0,,146.0,Медиакоммуникации,"Digital-стратег, GR-менеджер, PR-менеджер и остальные",
73,Управление качеством в инновационной деятельности,27.03.02,,,,Управление качеством,"Метролог, Инженер по стандартизации, метрологии и сертификации, Инженер по управлению качеством и остальные",
74,Цифровые технологии конструирования и производства электронных средств,11.03.03,38000.0,139.0,121.0,Конструирование и технология электронных средств,"Инженер-конструктор, Инженер-схемотехник, Инженер электронной техники и остальные",12.0
75,Телекоммуникации и облачные технологии,11.03.02,141430.0,138.0,119.0,Инфокоммуникационные технологии и системы связи,"Инженер по спутниковым коммуникациям, Инженер связи, Инженер-проектировщик в области связи и телекоммуникаций и остальные",24.0
76,Строительство и эксплуатация объектов нефтегазовой отрасли,08.03.01,38000.0,152.0,119.0,Строительство,"Инженер по водоснабжению и водоотведению, Инженер по проектно-сметной документации, Инженер по ремонту скважин и остальные",10.0
77,Промышленная экология,20.03.01,38000.0,130.0,128.0,Техносферная безопасность,"Инженер по охране труда, Инженер по защите в чрезвычайных ситуациях, Инженер по охране труда и технике безопасности и остальные",15.0
78,Искусственный интеллект и предиктивная аналитика,09.03.04,38000.0,183.0,121.0,Программная инженерия,"Программист, Администратор баз данных, Разработчик нейронных сетей и остальные",112.0
79,Управление проектами в IT сфере,09.03.03,38000.0,167.0,164.0,Прикладная информатика,"IT-директор (CIO), Тимлид, Информатик-технолог и остальные",22.0
80,Маркетинг и бизнес-аналитика,38.03.02,92400.0,,110.0,Менеджмент,"Маркетолог, Private equity analyst, ICO аналитик и остальные",
81,Искусственный интеллект в маркетинговых коммуникациях и PR,42.03.01,112320.0,,115.0,Реклама и связи с общественностью,"PR-менеджер, Маркетолог, Менеджер по рекламе и остальные",
82,Сервис массовых мероприятий,43.03.01,91200.0,,115.0,Сервис,"Менеджер по организации мероприятий, Специалист по клиентскому сервису и остальные",
83,Музыкальное искусство и педагогика,53.03.06,71200.0,343.0,180.0,Музыкознание и музыкально-прикладное искусство,"Педагог, Личный тьютор по эстетическому развитию, Музыкальный руководитель и остальные",6.0
84,Финансово-экономическое обеспечение экономической безопасности хозяйствующих субъектов,38.05.01,80000.0,,95.0,Экономическая безопасность,"Финансист, Налоговый инспектор, Финансовый аналитик (специалист финансового анализа и моделирования) и остальные",
85,Технологии креативных индустрий,44.03.04,43000.0,146.0,137.0,Профессиональное обучение (по отраслям),"Педагог, Учитель, Мастер профессионального обучения (техник, технолог, конструктор-модельер, дизайнер и др.) и остальные",22.0
86,"Начальное образование, русский язык и литература",44.03.01,43000.0,217.0,152.0,Педагогическое образование,"Педагог, Учитель, Преподаватель лингвистики и остальные",32.0
87,Мехатронные системы,15.03.01,43000.0,,115.0,Машиностроение,"Инженер-мехатроник, Инженер-машиностроитель, Техник-мехатроник и остальные",
88,Цифровые системы управления в бизнесе,09.03.03,100000.0,,196.0,Прикладная информатика,"Аналитик данных, IT-специалист, ERP-программист и остальные",
89,Разработка программного обеспечения информационных систем и цифровых сервисов,09.03.02,100000.0,,120.0,Информационные системы и технологии,"Программист, Администратор баз данных, IT-специалист и остальные",
90,Технические и роботизированные системы в агропромышленном комплексе,35.03.06,61000.0,160.0,102.0,Агроинженерия,"Агроинженер, Инженер-механик по сельскому хозяйству, Проектировщик-эргономист роботизированных систем и остальные",65.0
91,Экологический менеджмент и аудит агроландшафтов,35.03.03,173735.0,146.0,134.0,Агрохимия и агропочвоведение,"Агрохимик, Почвовед, Эксперт-эколог и остальные",25.0
92,Кадровый сервис и аудит,38.03.03,102300.0,,85.0,Управление персоналом,"Специалист по кадрам, HR-специалист, Инженер по организации и нормированию труда и остальные",
93,Регионы России: государственное управление,38.03.04,140000.0,,114.0,Государственное и муниципальное управление,"Государственный служащий, Преподаватель государственного и муниципального управления, Лоббист и остальные",
94,"Иностранный язык (английский – первый иностранный язык, арабский – второй иностранный язык)",44.03.05,160000.0,200.0,114.0,Педагогическое образование (с двумя профилями подготовки),"Педагог, Учитель, Преподаватель лингвистики и остальные",12.0
95,Социальные и образовательные проекты в области сценического искусства,51.03.02,160000.0,193.0,122.0,Народная художественная культура,"Педагог-организатор культурного досуга, Культорганизатор, Личный тьютор по эстетическому развитию и остальные",6.0
96,Изобразительное искусство и дополнительное образование в области художественной обработки ..,44.03.05,160000.0,,139.0,Педагогическое образование (с двумя профилями подготовки),"Педагог, Учитель, Учитель ИЗО и остальные",13.0
97,Цифровое государственное управление и экономическая политика,38.03.04,160000.0,,132.0,Государственное и муниципальное управление,"GR-менеджер, Администратор баз данных, Государственный служащий и остальные",
98,Востоковедение,46.03.01,160000.0,229.0,124.0,История,"Историк, Историограф, Египтолог и остальные",9.0
99,Аналитика и управление социально-политическими процессами,41.03.06,160000.0,192.0,174.0,Публичная политика и социальные науки,"GR-менеджер, Государственный служащий, Координатор программ развития сообществ и остальные",7.0
100,Технология и дополнительное образование в области робототехники,44.03.05,160000.0,144.0,114.0,Педагогическое образование (с двумя профилями подготовки),"Педагог, Учитель, Организатор детского технического творчества и остальные",12.0
101,Машинное обучение и искусственный интеллект,01.03.02,160000.0,128.0,120.0,Прикладная математика и информатика,"Разработчик систем компьютерного зрения, Разработчик нейронных сетей, Intelligent Systems Developer (разработчик интеллектуальных систем) и остальные",10.0
102,Театральная режиссура и актерское мастерство. Преподавание художественно-творческих дисцип..,51.03.02,149900.0,324.0,252.0,Народная художественная культура,"Актер, Актёр драматического театра, Личный тьютор по эстетическому развитию и остальные",5.0
103,"Руководство хореографическим коллективом, танцевально-спортивным клубом. Преподавание хоре..",51.03.02,54900.0,296.0,197.0,Народная художественная культура,"Личный тьютор по эстетическому развитию, Танцор, Руководитель художественной студии и остальные",11.0
104,"Руководство студией декоративно-прикладного творчества, преподавание художественно-творчес..",51.03.02,54900.0,281.0,265.0,Народная художественная культура,"Педагог-организатор культурного досуга, Личный тьютор по эстетическому развитию, Руководитель художественной студии и остальные",9.0
105,Технологии беспилотных систем и искусственного интеллекта в АПК,35.03.06,160000.0,181.0,106.0,Агроинженерия,"Агроинженер, Агроинформатик (агрокибернетик), Инженер-механик по сельскому хозяйству и остальные",15.0
106,Менеджмент технологических процессов производства молока и молочной продукции,36.03.02,160000.0,130.0,99.0,Зоотехния,"Зоотехник, Животновод, Инженер-технолог молока и молочных продуктов и остальные",16.0
107,Маркетинг и цифровые коммуникации,38.03.06,245000.0,217.0,130.0,Торговое дело,"Торговый агент, Маркетолог, Интернет-маркетолог и остальные",2.0
108,Информационные технологии (по элективным модулям),44.03.04,72000.0,179.0,143.0,Профессиональное обучение (по отраслям),"Педагог, Учитель, Учитель информатики и вычислительной техники и остальные",58.0
109,Управление документами в условиях цифровой экономики,44.03.04,72000.0,184.0,130.0,Профессиональное обучение (по отраслям),"Педагог, Учитель, Преподаватель экономики и остальные",31.0
110,Профессионально-педагогические технологии,44.03.04,167400.0,,123.0,Профессиональное обучение (по отраслям),"Педагог, Учитель, Мастер профессионального обучения (техник, технолог, конструктор-модельер, дизайнер и др.) и остальные",25.0
111,Дизайн (по элективным модулям),44.03.04,72000.0,200.0,130.0,Профессиональное обучение (по отраслям),"Учитель, Дизайнер интерьеров, Мастер профессионального обучения (техник, технолог, конструктор-модельер, дизайнер и др.) и остальные",55.0
112,Цифровизация и управление бизнесом,38.03.02,75000.0,,125.0,Менеджмент,"Инновационный менеджер, Менеджер, Предприниматель и остальные",
113,Психологическая диагностика и консультирование,37.03.01,167400.0,223.0,131.0,Психология,"Психолог, Профориентолог, Разработчик инструментов обучения состояниям сознания (психической саморегуляции) и остальные",9.0
114,Оборудование и технологии сварочного производства,15.03.01,72000.0,217.0,125.0,Машиностроение,"Инженер по сварке, Инженер-машиностроитель, Инженер-электросварщик (специалист по электросварочным установкам и системам) и остальные",5.0
115,Высокоэнергетические процессы и технологии в машиностроении и материалообработке,15.03.01,72000.0,218.0,125.0,Машиностроение,"Инженер-машиностроитель, Специалист по технологии машиностроения, Материаловед и остальные",5.0
116,"Уголовно-правовая специализация, предварительное расследование в органах внутренних дел",40.05.01,,,,Правовое обеспечение национальной безопасности,"Адвокат, Инспектор уголовного розыска, Полицейский и остальные",80.0
117,"Административная деятельность полиции, деятельность сотрудника подразделения по обеспечени..",40.03.02,,,,Обеспечение законности и правопорядка,"Инженер по безопасности дорожного движения, Инженер по безопасности транспортной сети, Полицейский и остальные",18.0
118,Информационные технологии в интеллектуальной электроэнергетике,13.03.02,39700.0,186.0,136.0,Электроэнергетика и электротехника,"Инженер-энергетик, Инженер-электрик, Энергодиспетчер (диспетчер энергостанций/энергосистем) и остальные",14.0
119,Цифровые технологии в релейной защите и автоматике электроэнергетических систем,13.03.02,39700.0,186.0,136.0,Электроэнергетика и электротехника,"Инженер-энергетик, Инженер-электрик, Инженер по релейной защите и автоматике и остальные",22.0
120,Искусственный интеллект: нейросети и нейрочипы,01.03.02,43000.0,207.0,147.0,Прикладная математика и информатика,"Педагог, Программист, Аналитик компьютерных систем и остальные",20.0
121,Электроснабжение специальных технических систем и объектов,13.05.01,,,,Тепло- и электрообеспечение специальных технических систем и объектов,"Инженер-энергетик, Инженер-электрик, Инженер-теплоэнергетик и остальные",
122,Военно-политическая пропаганда и агитация,56.05.08,,,,Военно-политическая работа,Военный и остальные,
123,Биоинформатика и компьютерное моделирование в естественных науках,03.03.01,268200.0,225.0,212.0,Прикладные математика и физика,"Математик, Биоинформатик, Информатик-технолог и остальные",31.0
124,Организация охраны и конвоирования  в уголовно исполнительной системе,40.03.01,,139.0,,Юриспруденция,"Полицейский, Охранник, Сотрудник уголовно-исполнительной системы и остальные",25.0
125,Кадровая и организационно-мобилизационная работа,56.05.04,,,,Управление персоналом,"Специалист по кадрам, Инженер по организации и нормированию труда, Инженер по организации труда и остальные",
126,Техническая эксплуатация радиоэлектронных комплексов воздушных судов,25.05.03,,,,Техническая эксплуатация транспортного радиооборудования,"Инженер, Инженер по авиационному и радиоэлектронному оборудованию, Инженер по авионике и остальные",
127,Применение и эксплуатация авиационного оборудования комплексов с беспилотными летательными..,25.05.02,,,,Техническая эксплуатация и восстановление электросистем и пилотажно-навигационных комплексов боевых летательных аппаратов,"Авиационный механик (авиамеханик), Авиаинженер (авиационный инженер), Инженер по авиационному и радиоэлектронному оборудованию и остальные",
128,Физика температурных процессов,16.03.01,387970.0,,119.0,Техническая физика,"Инженер-термофизик, Инженер-теплофизик, Инженер-физик и остальные",
129,Товарная экспертиза и категорийный менеджмент в сфере товаров зооветеринарного назначения,38.03.07,347000.0,,140.0,Товароведение,"Менеджер, Категорийный менеджер, Товаровед и остальные",
130,Биоинформатика и биоинформационный анализ в АПК,06.05.01,347000.0,,140.0,Биоинженерия и биоинформатика,"Биоинженер, Биотехнолог, Биоинформатик и остальные",
131,Производственный менеджмент в пищевых технологиях продукции животноводства,35.03.07,347000.0,162.0,108.0,Технология производства и переработки сельскохозяйственной продукции,"Инженер-технолог по качеству, Руководитель в АПК (агропромышленном комплексе) и остальные",25.0
132,Переработка продукции животноводства и управления рисками в АПК,35.03.07,347000.0,167.0,127.0,Технология производства и переработки сельскохозяйственной продукции,"Агроинженер, Руководитель в АПК (агропромышленном комплексе) и остальные",25.0
133,Биофармацевтика,19.03.01,347000.0,,126.0,Биотехнология,"Биофармаколог, Фармацевт, Биотехнолог и остальные",
134,Экология в агробиотехнологиях,06.03.01,347000.0,,151.0,Биология,"Биолог, Лаборант-эколог, Эксперт-эколог и остальные",
135,Микробиология и вирусология,06.03.01,347000.0,,133.0,Биология,"Вирусолог, Биолог, Биохимик и остальные",
136,Селекция и генетика животных,36.03.02,347000.0,205.0,137.0,Зоотехния,"Зоотехник, Животновод, Генетик и остальные",25.0
137,Нутрициология и благополучие животных,36.03.02,145000.0,156.0,135.0,Зоотехния,"Зоотехник, Животновод, Зоолог и остальные",50.0
138,Ветеринарно-санитарный контроль качества и безопасности пищевых продуктов,36.03.01,347000.0,183.0,148.0,Ветеринарно-санитарная экспертиза,"Ветеринар, Ветеринарно-санитарный врач, Ветеринарный врач (ветеринар) и остальные",25.0
139,Общеклиническая ветеринария,36.05.01,145000.0,247.0,126.0,Ветеринария,"Ветеринар, Ветеринарно-санитарный врач, Ветеринарный врач (ветеринар) и остальные",125.0
140,Ветеринарная медицина мелких домашних животных,36.05.01,347000.0,,133.0,Ветеринария,"Ветеринар, Ветеринарно-санитарный врач, Ветеринарный врач (ветеринар) и остальные",
141,Продюсер кино и телевидения,55.05.04,164000.0,,247.0,Продюсерство,"Продюсер исполнительских искусств, Креативный директор, Продюсер и остальные",1.0
142,Цифровые медиа,42.03.05,363000.0,,274.0,Медиакоммуникации,"Медиа-консультант, Медиа-менеджер, Креативный директор и остальные",
143,Разработка и эксплуатация специальной техники,10.05.07,,,,Противодействие техническим разведкам,"Инженер-технолог, Инженер-испытатель и остальные",
144,Теоретическая криптография,10.05.06,,,,Криптография,"Инженер информационной безопасности, Техник по защите информации и остальные",
145,Контроль точности работы измерительных систем,27.05.02,,,,Метрологическое обеспечение вооружения и военной техники,"Метролог, Военный, Военный инженер и остальные",
146,Программное обеспечение АСУ ракетно-космической обороны,09.05.01,,,,Применение и эксплуатация автоматизированных систем специального назначения,"Программист, Военный связист, Инженер-испытатель ракетных двигателей и остальные",
147,Вычислительные комплексы и сети ракетно-космической обороны,09.05.01,,,,Применение и эксплуатация автоматизированных систем специального назначения,"Инженер, Программист, Военный связист и остальные",
148,Системный анализ и управление космическими аппаратами,09.05.01,,,,Применение и эксплуатация автоматизированных систем специального назначения,"Военный связист, Специалист по САПР, Аналитик компьютерных систем и остальные",
149,Компьютерные технологии анализа информации ракет-носителей и космических аппаратов,09.05.01,,,,Применение и эксплуатация автоматизированных систем специального назначения,"Инженер, Инженер-конструктор, Инженер-исследователь и остальные",
150,Технологии администрирования автоматизированных систем,09.05.01,,,,Применение и эксплуатация автоматизированных систем специального назначения,"Программист, Системный администратор, Военный инженер и остальные",
151,Эксплуатация оптико-электронных и радиотехнических средств анализа космической обстановки,11.05.02,,,,Специальные радиотехнические системы,"Инженер-радиотехник, Инженер-технолог, Военный связист и остальные",
152,Эксплуатация информационных средств ракетно-космической обороны,11.05.02,,,,Специальные радиотехнические системы,"Инженер, Инженер-радиотехник, Военный связист и остальные",
153,Эксплуатация средств космического наблюдения и радиолокационного мониторинга,11.05.02,,,,Специальные радиотехнические системы,"Инженер, Инженер-радиотехник, Военный связист и остальные",
154,Радиоэлектронные системы и комплексы сбора и обработки информации,11.05.02,,,,Специальные радиотехнические системы,"Инженер-радиотехник, Военный связист, Инженер по радиоэлектронной борьбе и остальные",
155,Электроснабжение,13.05.01,,,,Тепло- и электрообеспечение специальных технических систем и объектов,"Инженер-энергетик, Инженер-электрик, Инженер-электромеханик и остальные",
156,Эксплуатация инженерно-технических систем зданий и сооружений,16.05.01,,,,Специальные системы жизнеобеспечения,"Инженер, Инженер-конструктор, Инженер по эксплуатации и остальные",
157,Строительство и эксплуатация зданий и сооружений,24.05.01,,,,"Проектирование, производство и эксплуатация ракет и ракетно-космических комплексов","Военный инженер, Инженер по механизации и автоматизации строительства, Инженер-строитель и остальные",
158,Уголовно-правовая (Предварительное расследование в органах внутренних дел),40.05.01,,,,Правовое обеспечение национальной безопасности,"Инспектор уголовного розыска, Полицейский, Прокурор и остальные",117.0
159,Проектирование и сопровождение информационных систем,09.03.02,78000.0,237.0,187.0,Информационные системы и технологии,"Программист, Инженер по сопровождению программного обеспечения, Информатик (специалист по информационным технологиям) и остальные",38.0
160,"Тексты, языки и цифровые инструменты",45.03.01,420000.0,,224.0,Филология,"Гид-переводчик, Литературный переводчик, Компьютерный лингвист и остальные",13.0
161,Программирование и инжиниринг компьютерных игр,09.03.04,420000.0,284.0,247.0,Программная инженерия,"Архитектор виртуальности, Программист, Тестировщик, QA-инженер и остальные",12.0
162,Товароведение и экспертиза товаров в таможенной деятельности,38.03.07,49000.0,,110.0,Товароведение,"Менеджер ВЭД, Менеджер по работе с таможней, Товаровед и остальные",
163,Эксплуатация и ремонт технических средств,23.03.02,124000.0,,120.0,Наземные транспортно-технологические комплексы,"Инженер-конструктор, Инженер по эксплуатации, Инженер-механик и остальные",
164,"Инжиниринг машин, механизмов и конструкций",15.03.03,74816.0,,119.0,Прикладная механика,"Инженер-машиностроитель, Специалист по технологии машиностроения и остальные",
165,Организация и технологии защиты информации (по отраслям),10.05.05,187038.0,201.0,135.0,Безопасность информационных технологий в правоохранительной сфере,"Инженер информационной безопасности, Полицейский, Специалист по безопасности и остальные",20.0
166,Технология и организация туроператорских и турагентских услуг,43.03.02,,,,Туризм,"Менеджер по туризму, Менеджер по организации мероприятий, Специалист по туризму и остальные",
167,Управление рисками государства и бизнеса в цифровых экосистемах,38.05.01,55000.0,,125.0,Экономическая безопасность,"Налоговый инспектор, Налоговый консультант, Специалист по экономической безопасности и остальные",
168,Дизайн физической и виртуальной среды,44.03.04,60000.0,,124.0,Профессиональное обучение (по отраслям),"Web-дизайнер, Педагог, Учитель и остальные",
169,Индустриальная педагогика,44.03.04,52000.0,,120.0,Профессиональное обучение (по отраслям),"Педагог, Учитель, Преподаватель и остальные",
170,Дизайн бизнеса,38.03.02,50000.0,,127.0,Менеджмент,"Менеджер, Креативный директор, Менеджер проекта и остальные",
171,Нейромаркетинг,38.03.02,50000.0,,113.0,Менеджмент,"Маркетолог, Менеджер по маркетингу, Трейд-маркетолог и остальные",
172,Бизнес-аналитика,38.03.01,50000.0,,125.0,Экономика,"Private equity analyst, Предприниматель, ICO аналитик и остальные",
173,Экономика цифровых предприятий и сервисов,38.03.01,50000.0,,124.0,Экономика,"Инженер-экономист, ICO аналитик, Кредитный аналитик и остальные",
174,Материально-техническое обеспечение УИС,38.05.01,,,,Экономическая безопасность,"Специалист по экономической безопасности, Специалист по безопасности, Специалист комплаенс-контроля и остальные",20.0
175,Пробация,39.03.02,,,,Социальная работа,"Специалист по социальной работе, Специалист по краудсорсингу общественных проблем, Социальный работник и остальные",75.0
176,Дошкольное образование и дополнительное начальное образование,44.03.05,54000.0,,160.0,Педагогическое образование (с двумя профилями подготовки),"Воспитатель детского сада, Педагог, Учитель и остальные",
177,"Анализ, контроль и правовое обеспечение экономической безопасности хозяйствующих субъектов",38.05.01,63900.0,,116.0,Экономическая безопасность,"Бухгалтер-ревизор, Аналитик данных, Аудитор и остальные",
178,Художник виртуальных персонажей в виртуальном пространстве,54.05.03,625650.0,377.0,270.0,Графика,"Science-художник, Иллюстратор, Художник и остальные",5.0
179,Управление государственными и муниципальными закупками,38.03.01,180000.0,,95.0,Экономика,"Агент по закупкам, Менеджер по закупкам, Государственный служащий и остальные",
180,Правовое обеспечение бизнеса,40.03.01,350000.0,,133.0,Юриспруденция,"Адвокат, Виртуальный адвокат, Инспектор по труду и остальные",
181,Международное энергетическое сотрудничество,41.03.05,350000.0,,119.0,Международные отношения,"Дипломат, Маркетолог энергетических рынков, Менеджер ВЭД и остальные",
182,Образование в области физической культуры,44.03.01,40000.0,,144.0,Педагогическое образование,"Педагог, Учитель, Преподаватель и остальные",
183,Эксплуатация судовых энергетических установок судов смешанного река-море плавания,26.05.06,62200.0,155.0,106.0,Эксплуатация судовых энергетических установок,"Морской инженер, Специалист по судостроению и остальные",41.0
184,Информационно-аналитические технологии в государственном и муниципальном управлении,38.03.04,65000.0,,129.0,Государственное и муниципальное управление,"Государственный служащий, Лоббист, Специалист государственного и муниципального управления и остальные",
185,Современные кадровые технологии в управлении персоналом,38.03.03,79000.0,,152.0,Управление персоналом,"Специалист по кадрам, HR-специалист, Инспектор (менеджер) по кадрам и остальные",
186,Управление проектами в государственной и муниципальной сфере,38.03.02,70000.0,,135.0,Менеджмент,"GR-менеджер, Государственный служащий, Координатор программ развития сообществ и остальные",
187,Финансовая разведка в цифровой экономике,38.03.01,70000.0,,144.0,Экономика,"Финансист, ICO аналитик, Финансовый аналитик (специалист финансового анализа и моделирования) и остальные",
188,Сервис транспортных и технологических машин и оборудования,23.03.03,169379.0,150.0,118.0,Эксплуатация транспортно-технологических машин и комплексов,"Автомеханик, Инженер по эксплуатации, Специалист по сервису на транспорте и остальные",20.0
189,"Концертные народные инструменты (по видам инструментов: баян, аккордеон, домра, балалайка,..",53.05.01,212700.0,302.0,180.0,Искусство концертного исполнительства,"Аккомпаниатор, Музыкальный руководитель, Преподаватель детской музыкальной школы и остальные",3.0
190,"Концертные духовые и ударные инструменты (по видам инструментов: флейта, кларнет, гобой, ф..",53.05.01,212700.0,302.0,180.0,Искусство концертного исполнительства,"Аккомпаниатор, Музыкальный руководитель, Музыкант и остальные",1.0
191,"Концертные струнные инструменты (по видам инструментов: скрипка, альт, виолончель, контраб..",53.05.01,,302.0,,Искусство концертного исполнительства,"Аккомпаниатор, Музыкальный руководитель, Музыкант и остальные",1.0
192,Руководство фольклорным коллективом,51.03.02,37600.0,202.0,175.0,Народная художественная культура,"Исполнитель народных или этнических песен (народный певец), Организатор музыкально-просветительской деятельности, Педагог-организатор культурного досуга и остальные",6.0
193,Руководство хореографическим коллективом,51.03.02,37600.0,202.0,175.0,Народная художественная культура,"Балетмейстер-постановщик, Личный тьютор по эстетическому развитию, Танцор и остальные",6.0
194,Дополнительное образование (в области вокального искусства),44.03.01,42000.0,182.0,135.0,Педагогическое образование,"Педагог, Учитель, Актер музыкального театра и остальные",4.0
195,Музыкальная педагогика (в сфере основного общего и дополнительного образования),44.03.01,42000.0,182.0,135.0,Педагогическое образование,"Педагог, Учитель, Организатор музыкально-просветительской деятельности и остальные",4.0
196,Искусство иллюзиона,52.03.03,161650.0,255.0,148.0,Цирковое искусство,,4.0
197,Сервис мехатронных систем,44.03.04,199127.0,204.0,131.0,Профессиональное обучение (по отраслям),"Педагог, Учитель, Мастер профессионального обучения (техник, технолог, конструктор-модельер, дизайнер и др.) и остальные",23.0
198,Биоэкология и техносферная безопасность,06.03.01,223082.0,120.0,118.0,Биология,"Биотехнолог, Биолог, Эксперт-эколог и остальные",25.0
199,Дошкольная педагогика,44.03.01,62000.0,161.0,129.0,Педагогическое образование,"Воспитатель детского сада, Педагог, Учитель и остальные",10.0
200,Hotel business,43.03.03,175500.0,,115.0,Гостиничное дело,"Менеджер ресторана, Администратор гостиницы, Event-менеджер и остальные",
201,Экономика и управление,38.03.02,90000.0,,163.0,Менеджмент,"Менеджер, Экономист и остальные",
202,Экономика и финансы,38.03.02,90000.0,,175.0,Менеджмент,"Финансист, Менеджер, Финансовый аналитик (специалист финансового анализа и моделирования) и остальные",
203,Перевод и переводоведение (языки стран Востока),45.03.02,120000.0,,105.0,Лингвистика,"Лингвист, Переводовед, Преподаватель межкультурной коммуникации и остальные",
204,Руководство проведением спасательных операций особого риска,20.03.01,,,,Техносферная безопасность,"Спасатель, Инженер по охране труда, Инженер по защите в чрезвычайных ситуациях и остальные",50.0
205,Организация и технологии управления туристским предприятием,43.03.02,52250.0,,115.0,Туризм,"Менеджер по туризму, Менеджер по организации мероприятий, Специалист по туризму и остальные",
206,Межбанковские информационно-телекоммуникационные технологии,11.03.02,140940.0,130.0,119.0,Инфокоммуникационные технологии и системы связи,"Инженер-проектировщик в области связи и телекоммуникаций, Информатик (специалист по информационным технологиям), IT-специалист и остальные",23.0
207,Проектирование и управление в социально-образовательной сфере,44.03.01,55000.0,187.0,127.0,Педагогическое образование,"Педагог, Организатор проектного обучения, Преподаватель и остальные",20.0
208,PR и цифровые коммуникации в креативных индустриях,42.03.01,90000.0,248.0,133.0,Реклама и связи с общественностью,"PR-менеджер, Интернет-маркетолог, Контент-менеджер и остальные",5.0
209,Реклама в брендинге и интернет-маркетинге,42.03.01,90000.0,248.0,133.0,Реклама и связи с общественностью,"Digital-стратег, Маркетолог, Интернет-маркетолог и остальные",6.0
210,Логистика и управление бизнес процессами в торговле,38.03.06,75000.0,,125.0,Торговое дело,"Торговый агент, Агент по закупкам, Брокер и остальные",
211,Нейротехнологии в практической психологии,37.03.01,135000.0,226.0,129.0,Психология,"Психолог, Нейропсихолог, Практический психолог и остальные",7.0
212,Менеджмент в аквакультуре,35.03.08,153300.0,175.0,136.0,Водные биоресурсы и аквакультура,"Инженер комплексного использования водных ресурсов, Инспектор рыбоохраны, Техник-рыбовод и остальные",12.0
213,Управление бизнес-процессами и инженерно-экономическим обеспечением водного транспорта,26.03.04,55000.0,166.0,154.0,Инженерно-экономическое обеспечение технологий и бизнес-процессов водного транспорта,"Бухгалтер-экономист, Инженер по организации и нормированию труда, Инженер по организации перевозок и управлению на транспорте и остальные",29.0
214,Судостроение и судоремонт,26.03.02,55000.0,166.0,154.0,"Кораблестроение, океанотехника и системотехника объектов морской инфраструктуры","Инженер-конструктор, Инженер-кораблестроитель, Инженер-проектировщик и остальные",31.0
215,Инженерно-техническое обеспечение полетов воздушных судов и беспилотных летательных аппара..,25.03.01,55000.0,179.0,134.0,Техническая эксплуатация летательных аппаратов и двигателей,"Авиационный механик (авиамеханик), Авиаинженер (авиационный инженер), Инженер-механик и остальные",36.0
216,Беспилотные авиационные системы,24.03.04,183900.0,183.0,139.0,Авиастроение,"Авиаконструктор, Авиаинженер (авиационный инженер), Инженер по электрооборудованию летательных аппаратов и остальные",33.0
217,Роботы и мехатронные системы,15.03.06,55000.0,175.0,126.0,Мехатроника и робототехника,"Инженер-исследователь, Инженер АСУ ТП, Инженер-мехатроник и остальные",30.0
218,Управление и мониторинг машиностроительного оборудования,13.03.03,153300.0,164.0,133.0,Энергетическое машиностроение,"Дефектоскопист нефтепроводов, Инженер по пневмоавтоматике, Инженер по энергетическому машиностроению и остальные",20.0
219,Инженерное программирование в машиностроении,13.03.03,55000.0,164.0,133.0,Энергетическое машиностроение,"Инженер-энергетик, Инженер-электрик, Инженер по энергетическому машиностроению и остальные",35.0
220,Цифровое проектирование и программирование в приборостроении,12.03.01,55000.0,167.0,137.0,Приборостроение,"Инженер-технолог, Инженер-схемотехник, Инженер приборостроения и остальные",43.0
221,Интеллектуальные электронные системы,11.03.04,153300.0,173.0,136.0,Электроника и наноэлектроника,"Инженер-схемотехник, Системный администратор, Инженер по наноэлектронике и остальные",20.0
222,Радиоэлектроника беспилотных средств и алгоритмы обработки информации,11.03.01,55000.0,172.0,126.0,Радиотехника,"Инженер-радиотехник, Инженер-схемотехник, Военный связист и остальные",67.0
223,Бизнес-инжиниринг и экспертиза в стройиндустрии,08.03.01,153300.0,179.0,123.0,Строительство,"Инженер по проектно-сметной документации, Инженер по техническому надзору, Инженер-проектировщик и остальные",21.0
224,Трансляционная биоинженерия,06.05.01,153300.0,186.0,152.0,Биоинженерия и биоинформатика,"Биоинженер, Биоинформатик, Клинический биоинформатик и остальные",7.0
225,Образовательные технологии в прикладной физике и математике,03.03.01,153300.0,166.0,125.0,Прикладные математика и физика,"Лаборант физических испытаний, Учитель математики, Преподаватель и остальные",30.0
226,Моделирование процессов и производств нефтегазового комплекса,01.03.04,135000.0,177.0,152.0,Прикладная математика,"Математик, Инженер-механик, Специалист по подсчёту запасов нефти и газа и остальные",34.0
227,Анимационная деятельность,51.03.03,54000.0,,110.0,Социально-культурная деятельность,"Аниматор, Менеджер социально-культурной деятельности, Художественный редактор и остальные",
228,Исторические и современные клавишные инструменты,53.05.01,762370.0,345.0,305.0,Искусство концертного исполнительства,"Аккомпаниатор, Учитель музыки и пения, Музыкант и остальные",30.0
229,Биоматериаловедение,19.03.01,399000.0,288.0,221.0,Биотехнология,"Инженер-исследователь, Инженер-технолог, Биотехнолог и остальные",10.0
230,Русский язык и дополнительное образование (медиакоммуникация),44.03.05,165000.0,,121.0,Педагогическое образование (с двумя профилями подготовки),"Педагог, Учитель, Преподаватель лингвистики и остальные",3.0
231,Музыкальное образование и театральное искусство,44.03.05,165000.0,,125.0,Педагогическое образование (с двумя профилями подготовки),"Педагог, Учитель, Аниматор и остальные",3.0
232,История и дополнительное образование (экскурсионная и анимационная деятельность в туризме),44.03.05,165000.0,,121.0,Педагогическое образование (с двумя профилями подготовки),"Историк, Педагог, Учитель и остальные",3.0
233,Начальное образование. Детская практическая психология,44.03.05,50000.0,,190.0,Педагогическое образование (с двумя профилями подготовки),"Педагог, Учитель, Педагог-психолог и остальные",3.0
234,Подземная разработка рудных месторождений и современные цифровые технологии добычи полезны..,21.05.04,209000.0,157.0,128.0,Горное дело,"Горный мастер, Горный инженер, Маркшейдер и остальные",5.0
235,Экономика и управление горно-металлургическим предприятием,38.03.01,434000.0,,142.0,Экономика,"Менеджер, Экономист и остальные",
236,Теория и практика современных средств массовой информации,42.03.02,60000.0,,100.0,Журналистика,"Журналист, Дата-журналист, Фэшн-журналист и остальные",
237,Правоприменение в области гражданско-правовых отношений,40.03.01,62000.0,,118.0,Юриспруденция,"Правозащитник, Патентовед, Прокурор и остальные",
238,Управление проектом,38.03.02,62000.0,,175.0,Менеджмент,"Инновационный менеджер, Координатор программ развития сообществ, Менеджер и остальные",
239,"Экономика, предпринимательство и финансы",38.03.01,62000.0,,150.0,Экономика,"Финансист, Предприниматель, Экономист по финансам и кредитам и остальные",
240,Электротехнологические системы и установки,13.03.02,60000.0,,185.0,Электроэнергетика и электротехника,"Инженер-электрик, Энергодиспетчер (диспетчер энергостанций/энергосистем), Инженер по электротехнологическим установкам и остальные",
241,Обработка и анализ данных в сложных динамических системах,09.03.02,135888.0,204.0,119.0,Информационные системы и технологии,"Web-программист, Аналитик компьютерных систем, Администратор баз данных и остальные",12.0
242,Зарубежная филология (английский и немецкий/французский языки; немецкий и английский языки..,45.03.01,119052.0,184.0,106.0,Филология,"Литературный переводчик, Переводчик французского языка, Переводчик немецкого языка и остальные",5.0
243,Зарубежная филология (английский и немецкий/французский языки; немецкий и английский языки..,45.03.01,119052.0,222.0,106.0,Филология,"Литературный переводчик, Переводчик французского языка, Переводчик немецкого языка и остальные",5.0
244,Зарубежная филология (английский и немецкий/французский языки; немецкий и английский языки..,45.03.01,119052.0,235.0,162.0,Филология,"Переводчик французского языка, Переводчик немецкого языка, Лингвист-исследователь и остальные",25.0
245,"Информационные технологии, математическое моделирование и компьютерный инжиниринг механиче..",01.03.03,119052.0,176.0,119.0,Механика и математическое моделирование,"Тестировщик, QA-инженер, Аналитик данных, Разработчик математических и компьютерных моделей и остальные",10.0
246,Информационные технологии в гидрометеорологии,05.03.05,47808.0,123.0,132.0,Прикладная гидрометеорология,"Гидролог, Метеоролог, Картограф и остальные",10.0
247,Цифровые технологии в территориальном планировании,05.03.02,135888.0,122.0,119.0,География,"Аэрофотосъемщик, Географ, Картограф и остальные",2.0
248,"Экономическая, политическая и рекреационная география",05.03.02,135888.0,122.0,119.0,География,"Географ, Учитель географии, Преподаватель географии (географических дисциплин) и остальные",3.0
249,Информационные системы и защита информации,09.03.02,90000.0,,119.0,Информационные системы и технологии,"Информатик-технолог, IT-специалист, Техник по защите информации и остальные",
250,"Эксплуатация и обслуживание объектов переработки, хранения и транспортировки нефти и газа",21.05.06,100000.0,168.0,136.0,Нефтегазовые техника и технологии,"Инженер по технологическому обеспечению работы нефтегазового промысла, Инженер-диагност газопроводов, Геолог-нефтяник и остальные",15.0
251,Звукорежиссура зрелищных программ,51.05.01,68310.0,,209.0,Звукорежиссура культурно-массовых представлений и концертных программ,"Звукорежиссер, Культорганизатор, Преподаватель звукорежиссуры и остальные",
252,Музыкально-инструментальное искусство,53.03.02,68310.0,168.0,246.0,Музыкально-инструментальное искусство,"Аккомпаниатор, Аранжировщик, Дирижер хора и остальные",10.0
253,Проектирование цифрового контента и web-дизайн,50.03.01,48070.0,,171.0,Искусства и гуманитарные науки,"Web-дизайнер, Бренд-дизайнер, Интернет-маркетолог и остальные",
254,Педагог народно-сценического танца,44.03.01,,226.0,,Педагогическое образование,"Педагог, Учитель, Личный тьютор по эстетическому развитию и остальные",5.0
255,Дополнительное образование. Педагог-организатор,44.03.01,,156.0,,Педагогическое образование,"Педагог, Учитель, Провизор-организатор и остальные",10.0
256,Театральное творчество,44.03.01,48070.0,166.0,161.0,Педагогическое образование,"Педагог, Актер, Учитель и остальные",10.0
257,Промышленный и предметный дизайн,54.03.01,99600.0,211.0,159.0,Дизайн,"Предметный дизайнер, Дизайнер, Промышленный дизайнер и остальные",4.0
258,Психология и педагогика дошкольного образования,44.03.02,60000.0,243.0,159.0,Психолого-педагогическое образование,"Воспитатель детского сада, Педагог, Психолог и остальные",14.0
259,Арт-технологии в художественном проектировании изделий из керамики,29.03.04,,215.0,,Технология художественной обработки материалов,"Бренд-дизайнер, Дизайнер упаковки, Гончар и остальные",4.0
260,Организация транспортного бизнеса и управление предприятием,38.03.02,95650.0,,85.0,Менеджмент,"Менеджер, Предприниматель, Менеджер по работе с таможней и остальные",
261,"Физическая культура, Реабилитационная педагогика",44.03.05,50000.0,195.0,214.0,Педагогическое образование (с двумя профилями подготовки),"Педагог, Учитель, Преподаватель и остальные",17.0
262,"Дошкольное образование, Начальное образование",44.03.05,50000.0,192.0,125.0,Педагогическое образование (с двумя профилями подготовки),"Воспитатель детского сада, Педагог, Учитель и остальные",18.0
263,"История, Социальная педагогика",44.03.05,50000.0,196.0,170.0,Педагогическое образование (с двумя профилями подготовки),"Историк, Педагог, Учитель и остальные",17.0
264,"Английский язык, Родной (башкирский) язык и литература",44.03.05,50000.0,151.0,216.0,Педагогическое образование (с двумя профилями подготовки),"Педагог, Учитель, Преподаватель лингвистики и остальные",17.0
265,"Начальное образование, Дополнительное образование (креативные индустрии в изобразительном ..",44.03.05,50000.0,190.0,186.0,Педагогическое образование (с двумя профилями подготовки),"Педагог, Учитель, Учитель ИЗО и остальные",11.0
266,"Иностранный язык (английский), Дополнительное образование (переводоведение)",44.03.05,50000.0,,118.0,Педагогическое образование (с двумя профилями подготовки),"Учитель, Преподаватель лингвистики, Педагог-организатор и остальные",
267,Черчение и компьютерная графика,44.03.01,50000.0,,125.0,Педагогическое образование,"Педагог, Учитель, Дизайнер компьютерных программ и остальные",
268,"Эксплуатация, ремонт, обслуживание, санитарное содержание жилищного фонда и объектов гражд..",38.03.10,50000.0,,119.0,Жилищное хозяйство и коммунальная инфраструктура,"Техник-смотритель жилищного хозяйства, Специалист по домашнему и коммунальному хозяйству и остальные",
269,Инженерно-геодезические изыскания в землеустройстве,21.03.02,50000.0,,145.0,Землеустройство и кадастры,"Инженер по кадастру, Инженер по землеустройству, Землеустроитель и остальные",
270,Надзор в сфере охраны труда и готовности к чрезвычайным ситуациям,20.03.01,50000.0,,173.0,Техносферная безопасность,"Инженер по охране труда, Инженер по защите в чрезвычайных ситуациях, Инженер по организации и нормированию труда и остальные",
271,Электроэнергетические сети и электрооборудование производственных и жилых объектов,13.03.02,50000.0,,154.0,Электроэнергетика и электротехника,"Инженер-электрик, Энергодиспетчер (диспетчер энергостанций/энергосистем), Инженер по электротехнологическим установкам и остальные",
272,Технологические машины и оборудование в промышленности,15.03.02,80000.0,,99.0,Технологические машины и оборудование,"Инженер-конструктор, Инженер-исследователь, Инженер-мехатроник и остальные",
273,Конфликтология в управлении персоналом,37.03.02,131000.0,185.0,152.0,Конфликтология,"Бизнес-тренер, GR-менеджер, Коуч и остальные",9.0
274,Информационные системы и аналитика данных в международном бизнесе,09.03.03,150000.0,205.0,133.0,Прикладная информатика,"Актуарий, Программист, Web-программист и остальные",20.0
275,Педагогика и психология дополнительного образования,44.03.04,,,,Профессиональное обучение (по отраслям),"Педагог, Учитель, Преподаватель программ дополнительного образования и остальные",9.0
276,Туризм,44.03.04,127000.0,166.0,120.0,Профессиональное обучение (по отраслям),"Педагог, Учитель, Мастер профессионального обучения (техник, технолог, конструктор-модельер, дизайнер и др.) и остальные",5.0
277,Фармацевтическая и пищевая биотехнология,19.03.01,42000.0,124.0,118.0,Биотехнология,"Биофармаколог, Фармацевт, Биотехнолог и остальные",32.0
278,Постстрессовая психотерапия для лиц с физическими и психологическими травмами,37.03.01,58000.0,,165.0,Психология,"Психолог, Психолог-консультант и остальные",
279,Системное администрирование информационно-коммуникационных систем,09.03.03,54000.0,,127.0,Прикладная информатика,"Системный администратор, Информатик (специалист по информационным технологиям), IT-специалист и остальные",
280,Бизнес планирование в строительстве,38.03.01,134000.0,,85.0,Экономика,"Специалист по бизнес-планированию и разработке бизнес-планов, Сметчик, Экономист и остальные",
281,Прикладная информатика в строительстве,09.03.03,90000.0,,99.0,Прикладная информатика,"IT-специалист, Специалист по прикладной информатике, Специалист по информационным системам обеспечения градостроительной деятельности и остальные",
282,Реставрация скульптуры,54.05.04,480000.0,303.0,266.0,Скульптура,"Реставратор, Скульптор, художник-скульптор, Скульптор-монументалист и остальные",4.0
283,Медальерное искусство,54.05.04,480000.0,303.0,266.0,Скульптура,"Скульптор, художник-скульптор, Скульптор-монументалист, Художник и остальные",4.0
284,"Физика в системе основного, среднего общего и среднего профессионального образования",44.03.01,70000.0,147.0,119.0,Педагогическое образование,"Педагог, Учитель, Лаборант физических испытаний и остальные",8.0
285,Медиация и социальная педагогика,44.03.01,139900.0,148.0,121.0,Педагогическое образование,"Инспектор по делам несовершеннолетних, Педагог, Учитель и остальные",15.0
286,Изобразительное искусство в образовании и дизайн,44.03.01,139900.0,177.0,164.0,Педагогическое образование,"Педагог, Учитель, Учитель ИЗО и остальные",20.0
287,Региональное развитие и геоинформационные технологии,05.03.02,158900.0,145.0,119.0,География,"Аэрофотосъемщик, Географ, Картограф и остальные",20.0
288,"Информационные системы, программирование и анализ данных",02.03.03,139900.0,180.0,145.0,Математическое обеспечение и администрирование информационных систем,"Программист, Web-программист, Системный администратор и остальные",15.0
289,Инженерное компьютерное проектирование и индустриальная математика,01.03.02,139900.0,179.0,119.0,Прикладная математика и информатика,"Программист, Системный администратор, Математик и остальные",12.0
290,Техника и технологии комплексов радиовещания,11.03.01,104000.0,172.0,130.0,Радиотехника,"Инженер-радиотехник, Звукорежиссер, Инженер связи и остальные",12.0
291,Звукоинженерия в теле- и киноиндустрии,11.03.01,272000.0,234.0,197.0,Радиотехника,"Звукорежиссер, Инженер по телевизионному оборудованию (ТВ-инженер), Радиозвукотехник и остальные",18.0
292,Организация внутреннего и международного туризма,43.03.02,105000.0,,146.0,Туризм,"Менеджер по туризму, Менеджер по организации мероприятий, Экскурсовод и остальные",
293,Классификация и происхождение товаров в таможенных целях,38.05.02,259000.0,218.0,127.0,Таможенное дело,"Менеджер по работе с таможней, Сюрвейер, Таможенный брокер и остальные",5.0
294,Компьютерные технологии в дизайне,54.03.01,459000.0,258.0,197.0,Дизайн,"Разработчик компьютерных игр, Креативный директор, IT-специалист и остальные",10.0
295,AI360: ML NATIVE,01.03.02,,305.0,,Прикладная математика и информатика,"Программист, IT-специалист, Специалист по искусственному интеллекту и остальные",36.0
296,Технология производства и переработки продукции животноводства и растениеводства,35.03.07,42000.0,216.0,156.0,Технология производства и переработки сельскохозяйственной продукции,"Инженер-технолог, Инженер пищевой промышленности, Инженер-технолог пищевого производства и остальные",65.0
297,Цифровой маркетинг,43.03.01,65700.0,221.0,115.0,Сервис,"Маркетолог, Интернет-маркетолог, Супервайзер и остальные",26.0
298,Управление в сфере молодежной политики,39.03.01,65700.0,155.0,115.0,Социология,"Социальный педагог, Event-менеджер, Педагог-организатор культурного досуга и остальные",25.0
299,Социальное проектирование в государственном управлении,39.03.01,65700.0,179.0,115.0,Социология,"Государственный служащий, Координатор программ развития сообществ, Менеджер социально-культурной деятельности и остальные",25.0
300,Информационные системы на финансовых рынках,01.03.05,145050.0,129.0,124.0,Статистика,"IT-специалист, Research Analyst (аналитика по исследованиям в банке или брокерской фирме), Финансовый аналитик (специалист финансового анализа и моделирования) и остальные",23.0
301,Управление качеством в производственно-технологических и социально-экономических системах,27.03.02,220000.0,132.0,119.0,Управление качеством,"Инженер по управлению качеством, Менеджер по развитию, Менеджер по качеству и остальные",9.0
302,Управление в креативных индустриях,38.03.02,256672.0,,134.0,Менеджмент,"Координатор программ развития сообществ, Куратор мультимедийных выставок, Менеджер социально-культурной деятельности и остальные",
303,Дополнительное образование (в области сценического искусства),44.03.01,256672.0,184.0,110.0,Педагогическое образование,"Педагог, Учитель, Руководитель художественной студии и остальные",10.0
304,Цифровой дизайн и веб-разработка,38.03.05,76000.0,,120.0,Бизнес-информатика,"Web-дизайнер, Дизайнер компьютерных программ, IT-специалист и остальные",3.0
305,Бизнес-аналитик 1С,38.03.05,76000.0,,112.0,Бизнес-информатика,"Аналитик данных, IT-специалист, ERP-программист и остальные",3.0
306,Информационные системы и технологии в отраслях транспортно-дорожного комплекса,09.03.02,90600.0,,119.0,Информационные системы и технологии,"Информатик (специалист по информационным технологиям), IT-специалист, Специалист по информационным системам и остальные",
307,Искусство мультимедиа: режиссура и технологии,50.03.01,280000.0,,142.0,Искусства и гуманитарные науки,"Искусствовед, Личный тьютор по эстетическому развитию, Режиссёр театра и кино и остальные",
308,Артист-танцовщик ансамбля спортивного бального танца (педагог- репетитор),52.03.02,294515.0,224.0,205.0,Хореографическое исполнительство,"Педагог, Танцор, Преподаватель и остальные",4.0
309,Востоковедение и африканистика,41.03.01,390000.0,,150.0,Зарубежное регионоведение,"Африканист, Востоковед, Регионовед и остальные",
310,Медиалингвистика и коммуникации,45.03.02,176200.0,,135.0,Лингвистика,"Контент-менеджер, Гид-переводчик, Литературный переводчик и остальные",
311,История: культура и власть,46.03.01,390000.0,,150.0,История,"Историк, Историограф, Исторический консультант, исторический реконструктор и остальные",
312,Медиа и цифровые индустрии,42.03.01,390000.0,,150.0,Реклама и связи с общественностью,"Менеджер по рекламе, Рекламный агент, Медиа-менеджер и остальные",
313,Медиа и цифровые индустрии,50.03.01,390000.0,,160.0,Искусства и гуманитарные науки,"Искусствовед, Медиа-менеджер, Креативный директор и остальные",
314,История: культура и власть,41.03.06,390000.0,,155.0,Публичная политика и социальные науки,"Историк, Исторический консультант, исторический реконструктор, Культуролог и остальные",
315,Управление образовательным продуктом,41.03.06,390000.0,,155.0,Публичная политика и социальные науки,"Координатор программ развития сообществ, Политик, Социолог и остальные",
316,Публичное управление,41.03.06,390000.0,,155.0,Публичная политика и социальные науки,"Политик, Социолог и остальные",
317,Медиа и цифровые индустрии,41.03.06,390000.0,,155.0,Публичная политика и социальные науки,"Медиатор, Политик и остальные",
318,Востоковедение и африканистика,41.03.06,390000.0,,150.0,Публичная политика и социальные науки,"Африканист, Востоковед и остальные",
319,Управление образовательным продуктом,38.03.02,390000.0,,145.0,Менеджмент,"Координатор программ развития сообществ, Менеджер, Менеджер продуктов в области информационных технологий и остальные",
320,Публичное управление,38.03.02,390000.0,,145.0,Менеджмент,Менеджер и остальные,
321,Медиа и цифровые индустрии,38.03.02,390000.0,,145.0,Менеджмент,"Медиа-консультант, Медиа-менеджер, Менеджер и остальные",
322,Организация производства и проектирование цифровых двойников предприятий,27.03.05,189000.0,194.0,158.0,Инноватика,"Инженер-патентовед, Инженер по НИОКР, Инженер по рационализаторству и изобретательству и остальные",16.0
323,Цифровое проектирование конструкций и технологий соединения материалов,15.03.01,189000.0,198.0,178.0,Машиностроение,"Инженер-технолог, Инженер по сварке, Инженер-машиностроитель и остальные",25.0
324,Профессионально ориентированный перевод,45.05.01,125000.0,208.0,113.0,Перевод и переводоведение,"Гид-переводчик, Письменный переводчик, Лингвист-исследователь и остальные",9.0
325,Английский язык и литература с изучением второго иностранного,45.03.01,125000.0,181.0,176.0,Филология,"Литературный переводчик, Литературовед, Лингвист и остальные",10.0
326,Украинский язык и литература. Английский язык,45.03.01,125000.0,145.0,110.0,Филология,"Литературный переводчик, Литературовед, Письменный переводчик и остальные",10.0
327,Начальное и дошкольное образование с курсом логопедии,44.03.05,128000.0,158.0,140.0,Педагогическое образование (с двумя профилями подготовки),"Воспитатель детского сада, Педагог-игромастер, Педагог и остальные",25.0
328,"Международные отношения, геополитика и глобалистика",41.03.05,150000.0,223.0,135.0,Международные отношения,"Дипломат, Менеджер, Финансовый менеджер и остальные",11.0
329,Технические средства природообустройства и защиты в чрезвычайных ситуациях,23.05.01,79000.0,,191.0,Наземные транспортно-технологические средства,"Инженер по защите в чрезвычайных ситуациях, Инженер по безопасности транспортной сети, Инженер природообустройства и остальные",
330,Экономика персонала,38.03.03,220200.0,226.0,136.0,Управление персоналом,"Специалист по кадрам, HR-специалист, Менеджер по персоналу и остальные",15.0
331,Технологическая подготовка деревообрабатывающих производств,35.03.02,60800.0,142.0,122.0,Технология лесозаготовительных и деревоперерабатывающих производств,"Инженер-технолог по деревообработке, Специалист по системам автоматизированного проектирования в деревообрабатывающих и мебельных производствах, Станочник-распиловщик и остальные",25.0
332,Экология и природоохранное обустройство территорий,20.03.02,246000.0,120.0,119.0,Природообустройство и водопользование,"Инженер комплексного использования водных ресурсов, Инженер природообустройства, Портовый эколог и остальные",25.0
333,Инжиниринг информационных систем и бизнес-процессов,09.03.03,246000.0,151.0,146.0,Прикладная информатика,"Информатик (специалист по информационным технологиям), IT-специалист, ERP-программист и остальные",24.0
334,Менеджмент в сфере туризма,38.03.02,106000.0,,85.0,Менеджмент,"Менеджер, Менеджер по туризму, Менеджер по организации мероприятий и остальные",
335,Экономика и предпринимательство в туризме,38.03.01,106000.0,,85.0,Экономика,"Бухгалтер-экономист, Предприниматель, Экономист и остальные",
336,Водные технологии,18.03.01,143000.0,119.0,118.0,Химическая технология,"Лаборант, Инженер-технолог по водоподготовке (водоочистке, очистных сооружений), Химик-разработчик, технолог по продукту и остальные",20.0
337,Автоматизация промышленных предприятий,15.03.04,143000.0,142.0,128.0,Автоматизация технологических процессов и производств,"Инженер АСУ ТП, Инженер по автоматизации и механизации, Инженер по пневмоавтоматике и остальные",17.0
338,Художественная роспись,54.03.02,63973.0,263.0,127.0,Декоративно-прикладное искусство и народные промыслы,"Руководитель художественной студии, Учитель экономики, технологии обработки тканей, пищевых продуктов и декоративно-прикладного творчества, Специалист по декоративно-прикладному искусству и остальные",6.0
339,Организация туристкой деятельности,43.03.02,56444.0,267.0,254.0,Туризм,"Аниматор, Event-менеджер, Гид-переводчик и остальные",6.0
340,Проектирование и продюсирование в социально-культурной сфере,51.03.03,37553.0,237.0,150.0,Социально-культурная деятельность,"Аниматор, Event-менеджер, Педагог-организатор культурного досуга и остальные",10.0
341,Математическое моделирование и теория управления,09.03.01,,289.0,,Информатика и вычислительная техника,"Актуарий, Аналитик компьютерных систем, Тестировщик, QA-инженер и остальные",36.0
342,Проектирование и разработка комплексных бизнес-приложений,01.03.02,767000.0,303.0,259.0,Прикладная математика и информатика,"Программист, IT-директор (CIO), Web-программист и остальные",10.0
343,Фундаментальная математика,01.03.01,,288.0,,Математика,"Актуарий, Программист, Математик и остальные",16.0
344,Естественные и компьютерные науки,09.03.01,767000.0,304.0,260.0,Информатика и вычислительная техника,"Актуарий, Программист, Аналитик данных и остальные",70.0
345,Инженерное проектирование и цифровые системы управления биотехнологического оборудования,19.03.01,429000.0,,149.0,Биотехнология,"Биотехнолог, Инженер по оборудованию, Техник по биотехническим и медицинским аппаратам и системам и остальные",
346,Проектирование технологических комплексов в сварочном производстве,15.05.02,439000.0,235.0,135.0,Робототехника военного и специального назначения,"Инженер-конструктор, Военный, Военный инженер и остальные",16.0
347,Проектирование технологических машин-автоматов и автоматизированных комплексов,15.05.01,439000.0,249.0,135.0,Проектирование технологических машин и комплексов,"Инженер АСУ ТП, Инженер по автоматизации и механизации, Инженер по оборудованию и остальные",18.0
348,Управление техническими системами в креативных индустриях,15.03.06,459000.0,274.0,135.0,Мехатроника и робототехника,"Инженер-мехатроник, Инженер по сопровождению программного обеспечения, IT-специалист и остальные",15.0
349,Математическое и компьютерное моделирование в механике,02.03.01,459000.0,277.0,196.0,Математика и компьютерные науки,"Математик, Аналитик данных, Разработчик математических и компьютерных моделей и остальные",14.0
350,Управление высокотехнологичными проектами,38.03.02,146280.0,233.0,110.0,Менеджмент,"Инновационный менеджер, Менеджер по развитию, Менеджер и остальные",10.0
351,Управление трансфером технологий,27.03.05,165540.0,204.0,181.0,Инноватика,"Инженер-патентовед, Инженер по рационализаторству и изобретательству, Инновационный менеджер и остальные",12.0
352,Сервис на транспорте,23.05.04,161400.0,113.0,99.0,Эксплуатация железных дорог,"Инженер по безопасности транспортной сети, Инженер по организации перевозок и управлению на транспорте, Инженер по эксплуатации железных дорог и остальные",25.0
353,Медицинская инженерия и цифровые технологии,12.03.01,173740.0,189.0,159.0,Приборостроение,"Инженер по медицинской технике, Инженер приборостроения, Инженер-электроник и остальные",25.0
354,Конференц-перевод,45.03.02,337000.0,266.0,205.0,Лингвистика,"Гид-переводчик, Лингвист-исследователь, Переводчик и остальные",5.0
355,Вагоны,23.05.03,,,,Подвижной состав железных дорог,"Инженер-конструктор, Инженер-механик, Инженер-механик подвижного состава и остальные",
356,Управление качеством в логистических системах,27.03.02,,,,Управление качеством,"Инженер по управлению качеством, Логист, Менеджер по качеству и остальные",
357,Информационные таможенные системы и технологии,09.03.02,,,,Информационные системы и технологии,"Программист, Инженер-схемотехник, Системный администратор и остальные",
358,Сети и сетевые устройства вычислительных систем,09.03.01,173800.0,239.0,161.0,Информатика и вычислительная техника,"Инженер-схемотехник, Web-программист, Системный администратор и остальные",44.0
359,Техническое обеспечение эксплуатации спортивных объектов,27.03.04,173800.0,174.0,145.0,Управление в технических системах,"Инженер, Инженер по эксплуатации объектов спортивной инфраструктуры, Техник-технолог и остальные",10.0
360,Мехатроника киберфизических систем,15.03.06,173800.0,228.0,121.0,Мехатроника и робототехника,"Инженер-мехатроник, Инженер-машиностроитель, Кибернетик и остальные",25.0
361,Цифровая энергетика,13.03.02,58000.0,145.0,119.0,Электроэнергетика и электротехника,"Инженер-энергетик, Инженер-электрик, Инженер по электротехнологическим установкам и остальные",35.0
362,Системы автоматического управления беспилотными аппаратами,27.03.04,173800.0,221.0,140.0,Управление в технических системах,"Авиаконструктор, Авиаинженер (авиационный инженер), Инженер по системам автоматического управления летательных аппаратов и остальные",20.0
363,Электропривод и средства автоматизации,13.03.02,173800.0,193.0,141.0,Электроэнергетика и электротехника,"Инженер-электрик, Энергодиспетчер (диспетчер энергостанций/энергосистем), Инженер КИПиА и остальные",17.0
364,Электрическое и электронное оборудование автомобилей и тракторов,13.03.02,173800.0,193.0,141.0,Электроэнергетика и электротехника,"Инженер, Инженер-энергетик, Автомеханик и остальные",15.0
365,Проектирование и производство судов,26.03.02,206200.0,182.0,176.0,"Кораблестроение, океанотехника и системотехника объектов морской инфраструктуры","Инженер-конструктор, Инженер-кораблестроитель, Инженер-проектировщик и остальные",15.0
366,Цифровое проектирование в самолетостроении,24.03.04,206200.0,235.0,134.0,Авиастроение,"Авиаконструктор, Инженер-конструктор, Инженер-конструктор по динамике полета и управлению летательным аппаратом и остальные",22.0
367,"Калмыцкий язык и литература, китайский язык",44.03.05,123937.0,118.0,115.0,Педагогическое образование (с двумя профилями подготовки),"Педагог, Учитель, Преподаватель лингвистики и остальные",24.0
368,Формообразующие технологии в машиностроении,15.03.05,173800.0,204.0,170.0,Конструкторско-технологическое обеспечение машиностроительных производств,"Инженер-конструктор, Инженер по металлургическим машинам и оборудованию, Инженер по эксплуатации и остальные",34.0
369,Дизайн и технология художественной обработки материалов,44.03.04,123397.0,125.0,119.0,Профессиональное обучение (по отраслям),"Педагог, Учитель, Мастер профессионального обучения (техник, технолог, конструктор-модельер, дизайнер и др.) и остальные",25.0
370,Зооинженеринг и IT-технологии в животноводстве,36.03.02,49136.0,118.0,135.0,Зоотехния,"Зоотехник, Животновод, Зооинженер и остальные",82.0
371,Государственная служба и управление городом,38.03.04,348000.0,,140.0,Государственное и муниципальное управление,"Государственный служащий, Координатор программ развития сообществ, Специалист государственного и муниципального управления и остальные",
372,Технология и Дополнительное образование (техническое творчество и дизайн),44.03.05,54000.0,158.0,123.0,Педагогическое образование (с двумя профилями подготовки),"Педагог, Учитель, Учитель ИЗО и остальные",24.0
373,История и Организация воспитательной деятельности,44.03.05,54000.0,191.0,132.0,Педагогическое образование (с двумя профилями подготовки),"Педагог, Методист в сфере образования, Учитель и остальные",35.0
374,Педагог профессионального образования (технологии производственных процессов и их безопасн..,44.03.04,54000.0,174.0,170.0,Профессиональное обучение (по отраслям),"Педагог, Учитель, Мастер производственного обучения и остальные",10.0
375,Аддитивные технологии,44.03.04,58600.0,212.0,156.0,Профессиональное обучение (по отраслям),"Педагог, Учитель, Преподаватель и остальные",10.0
376,Правоприменительная деятельность в гражданско-правовой и уголовно-правовой сферах,40.03.01,90000.0,,132.0,Юриспруденция,"Инспектор уголовного розыска, Правозащитник, Патентовед и остальные",1.0
377,Управление банковским бизнесом,38.03.02,315000.0,258.0,150.0,Менеджмент,"Банковский служащий, Предприниматель, Финансовый аналитик (специалист финансового анализа и моделирования) и остальные",9.0
378,Менеджмент изменений,38.03.02,315000.0,258.0,150.0,Менеджмент,"Инновационный менеджер, Менеджер, Менеджер по внутренним коммуникациям и остальные",3.0
379,Управление транспортными системами,23.03.01,347000.0,,119.0,Технология транспортных процессов,"Инженер по организации перевозок и управлению на транспорте, Транспортный планировщик, Таможенный брокер и остальные",
380,Статистика и управление данными,01.03.05,315000.0,,124.0,Статистика,"Аналитик данных, IT-специалист, ICO аналитик и остальные",
381,Программирование и администрирование систем радиосвязи,11.03.02,100000.0,140.0,116.0,Инфокоммуникационные технологии и системы связи,"Системный администратор, Инженер связи, Инженер-проектировщик в области связи и телекоммуникаций и остальные",149.0
382,Программирование и администрирование сетей и систем связи,11.03.02,90000.0,134.0,115.0,Инфокоммуникационные технологии и системы связи,"Инженер по спутниковым коммуникациям, Инженер по электромагнитной совместимости, Инженер связи и остальные",169.0
383,Управление цифровыми инновациями,09.03.03,190000.0,183.0,130.0,Прикладная информатика,"Программист, Инженер по сопровождению программного обеспечения, Менеджер непрерывности бизнеса и остальные",20.0
384,Политика и экономика стран Северо-Восточной Азии,58.03.01,192500.0,,160.0,Востоковедение и африканистика,"Политолог, Дипломат, Кореист и остальные",
385,Инвестиционно-строительный бизнес,38.03.01,192500.0,235.0,126.0,Экономика,"Инженер по проектно-сметной документации, Инженер-экономист, Менеджер строительного проекта и остальные",6.0
386,Организация строительного производства,08.03.01,215800.0,,124.0,Строительство,"Инженер по проектно-сметной документации, Инженер по техническому надзору, Инженер-проектировщик и остальные",
387,Помощник руководителя в системе управления организацией,46.03.02,76300.0,174.0,143.0,Документоведение и архивоведение,"Архивариус, Секретарь, Оператор персонального компьютера (ПК) и остальные",10.0
388,Организация предпринимательской деятельности,44.03.04,75000.0,,121.0,Профессиональное обучение (по отраслям),"Педагог, Учитель, Мастер профессионального обучения (техник, технолог, конструктор-модельер, дизайнер и др.) и остальные",
389,Менеджмент и маркетинг,44.03.04,163000.0,202.0,199.0,Профессиональное обучение (по отраслям),"Педагог, Учитель, Маркетолог и остальные",10.0
390,Налоги и бизнес в цифровой экономике,38.03.01,65000.0,240.0,125.0,Экономика,"Налоговый бухгалтер (специалист по налогообложению), Налоговый инспектор, Налоговый консультант и остальные",1.0
391,Международная торговля и таможенное дело в цифровой экономике,38.05.02,65000.0,,128.0,Таможенное дело,"Менеджер ВЭД, Менеджер по работе с таможней, Сюрвейер и остальные",
392,Флористический дизайн,54.03.01,,311.0,,Дизайн,"Флорист, Дизайнер, Дизайнер-флорист и остальные",5.0
393,Культурный менеджмент и кураторство арт-проектами,51.03.01,,190.0,,Культурология,"Культорганизатор, Куратор мультимедийных выставок, Личный тьютор по эстетическому развитию и остальные",12.0
394,Арт-критика,50.03.04,,215.0,,Теория и история искусств,"Искусствовед, Личный тьютор по эстетическому развитию, Музеевед и остальные",5.0
395,"Педагог спортивно-бального танца, тренер",44.03.01,153755.0,285.0,205.0,Педагогическое образование,"Педагог, Учитель, Спортивный тренер и остальные",6.0
396,Лечебно-диагностический профиль,34.03.01,80500.0,,131.0,Сестринское дело,"Медицинская сестра (медсестра), Медицинская сестра по массажу, Младшая медицинская сестра по уходу за больными и остальные",
397,Финансы и управление активами,38.03.01,80500.0,,137.0,Экономика,"Финансист, Бухгалтер-экономист, Private equity analyst и остальные",
398,Корабельные и судовые энергетические установки,26.05.02,427900.0,185.0,133.0,"Проектирование, изготовление и ремонт энергетических установок и систем автоматизации кораблей и судов","Инженер-энергетик, Инженер по электроприводу, Инженер по энергетическому машиностроению и остальные",24.0
399,Интеллектуальное управление морскими беспилотными системами,27.03.04,266200.0,199.0,129.0,Управление в технических системах,"Инженер по приборам ориентации, навигации и стабилизации летательных аппаратов, Инженер-системотехник, Разработчик систем компьютерного зрения и остальные",44.0
400,Оборудование и технология сварочного производства (программа подготовки инженеров-сварщико..,15.03.01,266200.0,224.0,119.0,Машиностроение,"Инженер, Инженер-технолог, Инженер по сварке и остальные",14.0
401,Морская добыча и подготовка к транспортировке нефти и газа,13.03.03,266200.0,188.0,119.0,Энергетическое машиностроение,"Инженер, Дефектоскопист нефтепроводов, Инженер по энергетическому машиностроению и остальные",25.0
402,Программно-аппаратные комплексы управления и обработки информации,09.03.01,266200.0,224.0,134.0,Информатика и вычислительная техника,"Программист, Системный администратор, Администратор сайта и остальные",33.0
403,Искусственный интеллект и цифровые технологии в промышленности,09.03.01,266200.0,224.0,134.0,Информатика и вычислительная техника,"Аналитик компьютерных систем, Разработчик нейронных сетей, Intelligent Systems Developer (разработчик интеллектуальных систем) и остальные",29.0
404,Программное обеспечение интеллектуальных компьютерных и встраиваемых систем,09.03.01,266200.0,224.0,134.0,Информатика и вычислительная техника,"Программист, Администратор баз данных, Инженер по сопровождению программного обеспечения и остальные",29.0
405,Технологии материалов микроэлектроники,22.03.01,348000.0,203.0,138.0,Материаловедение и технологии материалов,"Инженер по наноэлектронике, Наноинженер, Нанотехнолог и остальные",25.0
406,Конструирование и производство технологического оборудования для производства электронной ..,11.03.03,,215.0,,Конструирование и технология электронных средств,"Инженер-конструктор, Инженер-схемотехник, Инженер по оборудованию и остальные",25.0
407,Графический дизайн и мультимедиа,54.03.01,90000.0,,137.0,Дизайн,"Web-дизайнер, Графический дизайнер, Креативный директор и остальные",